{
   "name":"test",
   "description":"cool maps guys !!!",
   "credit": "hansy2577b",
   
   "maps":{
      "maps asset":"test",
      "departure":"where you are now",
      "destination":"somewhere , i dont know where ???",
      
      "trajet":[
         ["speed",80,{ "distance":0, "pre_release":true, "hide":false }],
         
         ["BG anim","turn",{ "distance":70 }],
         ["BG anim","body",{ "distance":99 }],
         ["speed",80,{ "distance":100, "pre_release":false, "hide":true }],
         
         ["station","cool game Street",{ "distance":150.2, "max Passenger":100 }],
         ["station","cool game Street",{ "distance":250, "max Passenger":100 }],
         
         ["station","tekta™ Street",{ "distance":500, "max Passenger":100 }],
         
         ["speed",120,{ "distance":550, "pre_release":true, "hide":false }],
         ["speed",120,{ "distance":600, "pre_release":false, "hide":true }],
         
         ["station","mm",{ "distance":700, "max Passenger":100 }],
         
         ["station","tomo fito street",{ "distance":850, "max Passenger":100 }],
         
         ["speed",20,{ "distance":800, "pre_release":true, "hide":false }],
         ["speed",20,{ "distance":850, "pre_release":false, "hide":false }],
         ["speed",20,{ "distance":900, "pre_release":false, "hide":true }],
         
         ["BG anim","turn",{ "distance":900 }],
         ["BG anim","body",{ "distance":999 }],

         ["speed",60,{ "distance":1000, "pre_release":true, "hide":false }],
         ["speed",60,{ "distance":1100, "pre_release":false, "hide":true }],
         
         ["speed",20,{ "distance":1250, "pre_release":true, "hide":false }],
         
         ["station","terminuse null",{ "distance":1300, "max Passenger":100 }],
         
         ["speed",20,{ "distance":1310, "pre_release":true, "hide":true }]
      ]
   }
}